﻿<?xml version="1.0" encoding="utf-8"?>
<?xml-stylesheet type='text/xsl' href='C:\battery-stylesheet.xsl'?>
<BatteryReport xmlns="http://schemas.microsoft.com/battery/2012">
  <ReportInformation>
    <ReportGuid>18058173-064d-4820-90b1-25369f0bbd2c</ReportGuid>
    <ReportVersion>1.1</ReportVersion>
    <ScanTime>2021-12-09T22:56:44Z</ScanTime>
    <LocalScanTime>2021-12-09T17:56:44</LocalScanTime>
    <ReportStartTime>2021-12-06T22:56:43Z</ReportStartTime>
    <LocalReportStartTime>2021-12-06T17:56:43</LocalReportStartTime>
    <ReportDuration>3</ReportDuration>
    <UtcOffset>-5:00</UtcOffset>
  </ReportInformation>
  <SystemInformation>
    <ComputerName>DESKTOP-O68GKMA</ComputerName>
    <SystemManufacturer>LENOVO</SystemManufacturer>
    <SystemProductName>2537DA1</SystemProductName>
    <BIOSDate>02/14/2013</BIOSDate>
    <BIOSVersion>6IET85WW (1.45 )</BIOSVersion>
    <OSBuild>19041.1.amd64fre.vb_release.191206-1406</OSBuild>
    <PlatformRole>Mobile</PlatformRole>
    <ConnectedStandby>0</ConnectedStandby>
  </SystemInformation>
  <Batteries>
    <Battery>
      <Id>45N1001</Id>
      <Manufacturer>SANYO</Manufacturer>
      <SerialNumber> 1472</SerialNumber>
      <ManufactureDate></ManufactureDate>
      <Chemistry>LION</Chemistry>
      <LongTerm>1</LongTerm>
      <RelativeCapacity>0</RelativeCapacity>
      <DesignCapacity>51322</DesignCapacity>
      <FullChargeCapacity>2117</FullChargeCapacity>
      <CycleCount>0</CycleCount>
    </Battery>
  </Batteries>
  <RuntimeEstimates>
    <DesignCapacity>
      <Capacity>51322</Capacity>
      <ActiveRuntime>PT2H43M28S</ActiveRuntime>
      <ConnectedStandbyRuntime>PT0S</ConnectedStandbyRuntime>
    </DesignCapacity>
    <FullChargeCapacity>
      <Capacity>2117</Capacity>
      <ActiveRuntime>PT6M44S</ActiveRuntime>
      <ConnectedStandbyRuntime>PT0S</ConnectedStandbyRuntime>
    </FullChargeCapacity>
  </RuntimeEstimates>
  <RecentUsage>
    <UsageEntry
      Timestamp="2021-12-09T22:37:40Z"
      LocalTimestamp="2021-12-09T17:37:40"
      Duration="11424149993"
      Ac="1"
      EntryType="Active"
      ChargeCapacity="2106"
      Discharge="0"
      FullChargeCapacity="2117"
      IsNextOnBattery="0"
      />
    <UsageEntry
      Timestamp="2021-12-09T22:56:43Z"
      LocalTimestamp="2021-12-09T17:56:43"
      Duration="0"
      Ac="1"
      EntryType="ReportGenerated"
      ChargeCapacity="2106"
      Discharge="0"
      FullChargeCapacity="2117"
      IsNextOnBattery="0"
      />
  </RecentUsage>
  <History>
    <HistoryEntry
      StartDate="2020-10-19T00:10:00Z"
      LocalStartDate="2020-10-18T20:10:00"
      EndDate="2020-11-30T12:54:33Z"
      LocalEndDate="2020-11-30T07:54:33"
      DesignCapacity="51322"
      FullChargeCapacity="3716"
      CycleCount="0"
      ActiveAcTime="P1DT10H0M34S"
      ActiveDcTime="PT11M38S"
      CsAcTime="PT0S"
      CsDcTime="PT0S"
      ActiveDcEnergy="3434"
      CsDcEnergy="0"
      EstimatedDesignActiveTime="PT2H53M51S"
      EstimatedFullChargeActiveTime="PT12M35S"
      EstimatedDesignCsTime="PT0S"
      EstimatedFullChargeCsTime="PT0S"
      BatteryChanged="0"
      />
    <HistoryEntry
      StartDate="2020-11-30T12:54:33Z"
      LocalStartDate="2020-11-30T07:54:33"
      EndDate="2020-12-07T13:05:49Z"
      LocalEndDate="2020-12-07T08:05:49"
      DesignCapacity="51322"
      FullChargeCapacity="3661"
      CycleCount="0"
      ActiveAcTime="PT1H16M44S"
      ActiveDcTime="PT0S"
      CsAcTime="PT0S"
      CsDcTime="PT0S"
      ActiveDcEnergy="0"
      CsDcEnergy="0"
      EstimatedDesignActiveTime="PT0S"
      EstimatedFullChargeActiveTime="PT0S"
      EstimatedDesignCsTime="PT0S"
      EstimatedFullChargeCsTime="PT0S"
      BatteryChanged="0"
      />
    <HistoryEntry
      StartDate="2020-12-07T13:05:49Z"
      LocalStartDate="2020-12-07T08:05:49"
      EndDate="2020-12-14T15:56:13Z"
      LocalEndDate="2020-12-14T10:56:13"
      DesignCapacity="51322"
      FullChargeCapacity="3661"
      CycleCount="0"
      ActiveAcTime="PT3H7M31S"
      ActiveDcTime="PT0S"
      CsAcTime="PT0S"
      CsDcTime="PT0S"
      ActiveDcEnergy="0"
      CsDcEnergy="0"
      EstimatedDesignActiveTime="PT0S"
      EstimatedFullChargeActiveTime="PT0S"
      EstimatedDesignCsTime="PT0S"
      EstimatedFullChargeCsTime="PT0S"
      BatteryChanged="0"
      />
    <HistoryEntry
      StartDate="2020-12-14T15:56:13Z"
      LocalStartDate="2020-12-14T10:56:13"
      EndDate="2020-12-21T01:05:05Z"
      LocalEndDate="2020-12-20T20:05:05"
      DesignCapacity="51322"
      FullChargeCapacity="3661"
      CycleCount="0"
      ActiveAcTime="PT3H49M22S"
      ActiveDcTime="PT3M3S"
      CsAcTime="PT0S"
      CsDcTime="PT0S"
      ActiveDcEnergy="1047"
      CsDcEnergy="0"
      EstimatedDesignActiveTime="PT2H29M30S"
      EstimatedFullChargeActiveTime="PT10M39S"
      EstimatedDesignCsTime="PT0S"
      EstimatedFullChargeCsTime="PT0S"
      BatteryChanged="0"
      />
    <HistoryEntry
      StartDate="2020-12-21T01:05:05Z"
      LocalStartDate="2020-12-20T20:05:05"
      EndDate="2020-12-30T21:11:56Z"
      LocalEndDate="2020-12-30T16:11:56"
      DesignCapacity="0"
      FullChargeCapacity="0"
      CycleCount="0"
      ActiveAcTime="PT0S"
      ActiveDcTime="PT0S"
      CsAcTime="PT0S"
      CsDcTime="PT0S"
      ActiveDcEnergy="0"
      CsDcEnergy="0"
      EstimatedDesignActiveTime="PT0S"
      EstimatedFullChargeActiveTime="PT0S"
      EstimatedDesignCsTime="PT0S"
      EstimatedFullChargeCsTime="PT0S"
      BatteryChanged="0"
      />
    <HistoryEntry
      StartDate="2020-12-30T21:11:56Z"
      LocalStartDate="2020-12-30T16:11:56"
      EndDate="2021-01-04T14:09:10Z"
      LocalEndDate="2021-01-04T09:09:10"
      DesignCapacity="51322"
      FullChargeCapacity="3661"
      CycleCount="0"
      ActiveAcTime="PT5M17S"
      ActiveDcTime="PT0S"
      CsAcTime="PT0S"
      CsDcTime="PT0S"
      ActiveDcEnergy="0"
      CsDcEnergy="0"
      EstimatedDesignActiveTime="PT0S"
      EstimatedFullChargeActiveTime="PT0S"
      EstimatedDesignCsTime="PT0S"
      EstimatedFullChargeCsTime="PT0S"
      BatteryChanged="0"
      />
    <HistoryEntry
      StartDate="2021-01-04T14:09:10Z"
      LocalStartDate="2021-01-04T09:09:10"
      EndDate="2021-01-11T14:19:06Z"
      LocalEndDate="2021-01-11T09:19:06"
      DesignCapacity="51322"
      FullChargeCapacity="3660"
      CycleCount="0"
      ActiveAcTime="PT18H19M3S"
      ActiveDcTime="PT3M5S"
      CsAcTime="PT0S"
      CsDcTime="PT0S"
      ActiveDcEnergy="1047"
      CsDcEnergy="0"
      EstimatedDesignActiveTime="PT2H31M8S"
      EstimatedFullChargeActiveTime="PT10M46S"
      EstimatedDesignCsTime="PT0S"
      EstimatedFullChargeCsTime="PT0S"
      BatteryChanged="0"
      />
    <HistoryEntry
      StartDate="2021-01-11T14:19:06Z"
      LocalStartDate="2021-01-11T09:19:06"
      EndDate="2021-01-20T13:28:14Z"
      LocalEndDate="2021-01-20T08:28:14"
      DesignCapacity="51322"
      FullChargeCapacity="3564"
      CycleCount="0"
      ActiveAcTime="PT15M0S"
      ActiveDcTime="PT0S"
      CsAcTime="PT0S"
      CsDcTime="PT0S"
      ActiveDcEnergy="0"
      CsDcEnergy="0"
      EstimatedDesignActiveTime="PT0S"
      EstimatedFullChargeActiveTime="PT0S"
      EstimatedDesignCsTime="PT0S"
      EstimatedFullChargeCsTime="PT0S"
      BatteryChanged="0"
      />
    <HistoryEntry
      StartDate="2021-01-20T13:28:14Z"
      LocalStartDate="2021-01-20T08:28:14"
      EndDate="2021-01-25T15:58:58Z"
      LocalEndDate="2021-01-25T10:58:58"
      DesignCapacity="51322"
      FullChargeCapacity="3564"
      CycleCount="0"
      ActiveAcTime="PT1H6M49S"
      ActiveDcTime="PT0S"
      CsAcTime="PT0S"
      CsDcTime="PT0S"
      ActiveDcEnergy="0"
      CsDcEnergy="0"
      EstimatedDesignActiveTime="PT0S"
      EstimatedFullChargeActiveTime="PT0S"
      EstimatedDesignCsTime="PT0S"
      EstimatedFullChargeCsTime="PT0S"
      BatteryChanged="0"
      />
    <HistoryEntry
      StartDate="2021-01-25T15:58:58Z"
      LocalStartDate="2021-01-25T10:58:58"
      EndDate="2021-02-02T19:16:18Z"
      LocalEndDate="2021-02-02T14:16:18"
      DesignCapacity="51322"
      FullChargeCapacity="3624"
      CycleCount="0"
      ActiveAcTime="PT9H59M9S"
      ActiveDcTime="PT3M3S"
      CsAcTime="PT0S"
      CsDcTime="PT0S"
      ActiveDcEnergy="1047"
      CsDcEnergy="0"
      EstimatedDesignActiveTime="PT2H29M30S"
      EstimatedFullChargeActiveTime="PT10M33S"
      EstimatedDesignCsTime="PT0S"
      EstimatedFullChargeCsTime="PT0S"
      BatteryChanged="0"
      />
    <HistoryEntry
      StartDate="2021-02-02T19:16:18Z"
      LocalStartDate="2021-02-02T14:16:18"
      EndDate="2021-02-08T16:09:45Z"
      LocalEndDate="2021-02-08T11:09:45"
      DesignCapacity="51322"
      FullChargeCapacity="3537"
      CycleCount="0"
      ActiveAcTime="PT10H14M53S"
      ActiveDcTime="PT3M3S"
      CsAcTime="PT0S"
      CsDcTime="PT0S"
      ActiveDcEnergy="1047"
      CsDcEnergy="0"
      EstimatedDesignActiveTime="PT2H29M30S"
      EstimatedFullChargeActiveTime="PT10M18S"
      EstimatedDesignCsTime="PT0S"
      EstimatedFullChargeCsTime="PT0S"
      BatteryChanged="0"
      />
    <HistoryEntry
      StartDate="2021-02-08T16:09:45Z"
      LocalStartDate="2021-02-08T11:09:45"
      EndDate="2021-02-15T20:13:48Z"
      LocalEndDate="2021-02-15T15:13:48"
      DesignCapacity="51322"
      FullChargeCapacity="3121"
      CycleCount="0"
      ActiveAcTime="PT28M44S"
      ActiveDcTime="PT1M13S"
      CsAcTime="PT0S"
      CsDcTime="PT0S"
      ActiveDcEnergy="583"
      CsDcEnergy="0"
      EstimatedDesignActiveTime="PT1H47M6S"
      EstimatedFullChargeActiveTime="PT6M30S"
      EstimatedDesignCsTime="PT0S"
      EstimatedFullChargeCsTime="PT0S"
      BatteryChanged="0"
      />
    <HistoryEntry
      StartDate="2021-02-15T20:13:48Z"
      LocalStartDate="2021-02-15T15:13:48"
      EndDate="2021-02-22T19:16:47Z"
      LocalEndDate="2021-02-22T14:16:47"
      DesignCapacity="51322"
      FullChargeCapacity="3121"
      CycleCount="0"
      ActiveAcTime="PT38M32S"
      ActiveDcTime="PT0S"
      CsAcTime="PT0S"
      CsDcTime="PT0S"
      ActiveDcEnergy="0"
      CsDcEnergy="0"
      EstimatedDesignActiveTime="PT0S"
      EstimatedFullChargeActiveTime="PT0S"
      EstimatedDesignCsTime="PT0S"
      EstimatedFullChargeCsTime="PT0S"
      BatteryChanged="0"
      />
    <HistoryEntry
      StartDate="2021-02-22T19:16:47Z"
      LocalStartDate="2021-02-22T14:16:47"
      EndDate="2021-03-09T20:42:50Z"
      LocalEndDate="2021-03-09T15:42:50"
      DesignCapacity="51322"
      FullChargeCapacity="2991"
      CycleCount="0"
      ActiveAcTime="PT3H25M44S"
      ActiveDcTime="PT3M2S"
      CsAcTime="PT0S"
      CsDcTime="PT0S"
      ActiveDcEnergy="908"
      CsDcEnergy="0"
      EstimatedDesignActiveTime="PT2H51M27S"
      EstimatedFullChargeActiveTime="PT9M59S"
      EstimatedDesignCsTime="PT0S"
      EstimatedFullChargeCsTime="PT0S"
      BatteryChanged="0"
      />
    <HistoryEntry
      StartDate="2021-03-09T20:42:50Z"
      LocalStartDate="2021-03-09T15:42:50"
      EndDate="2021-03-15T13:21:13Z"
      LocalEndDate="2021-03-15T09:21:13"
      DesignCapacity="51322"
      FullChargeCapacity="2937"
      CycleCount="0"
      ActiveAcTime="PT4H50M51S"
      ActiveDcTime="PT7M40S"
      CsAcTime="PT0S"
      CsDcTime="PT0S"
      ActiveDcEnergy="2475"
      CsDcEnergy="0"
      EstimatedDesignActiveTime="PT2H38M58S"
      EstimatedFullChargeActiveTime="PT9M5S"
      EstimatedDesignCsTime="PT0S"
      EstimatedFullChargeCsTime="PT0S"
      BatteryChanged="0"
      />
    <HistoryEntry
      StartDate="2021-03-15T13:21:13Z"
      LocalStartDate="2021-03-15T09:21:13"
      EndDate="2021-03-22T12:26:23Z"
      LocalEndDate="2021-03-22T08:26:23"
      DesignCapacity="51322"
      FullChargeCapacity="2879"
      CycleCount="0"
      ActiveAcTime="PT5H55M51S"
      ActiveDcTime="PT11M26S"
      CsAcTime="PT0S"
      CsDcTime="PT0S"
      ActiveDcEnergy="3675"
      CsDcEnergy="0"
      EstimatedDesignActiveTime="PT2H39M40S"
      EstimatedFullChargeActiveTime="PT8M57S"
      EstimatedDesignCsTime="PT0S"
      EstimatedFullChargeCsTime="PT0S"
      BatteryChanged="0"
      />
    <HistoryEntry
      StartDate="2021-03-22T12:26:23Z"
      LocalStartDate="2021-03-22T08:26:23"
      EndDate="2021-03-29T14:11:07Z"
      LocalEndDate="2021-03-29T10:11:07"
      DesignCapacity="51322"
      FullChargeCapacity="2816"
      CycleCount="0"
      ActiveAcTime="PT6H39M25S"
      ActiveDcTime="PT22M7S"
      CsAcTime="PT0S"
      CsDcTime="PT0S"
      ActiveDcEnergy="6558"
      CsDcEnergy="0"
      EstimatedDesignActiveTime="PT2H53M4S"
      EstimatedFullChargeActiveTime="PT9M29S"
      EstimatedDesignCsTime="PT0S"
      EstimatedFullChargeCsTime="PT0S"
      BatteryChanged="0"
      />
    <HistoryEntry
      StartDate="2021-03-29T14:11:07Z"
      LocalStartDate="2021-03-29T10:11:07"
      EndDate="2021-04-06T12:19:18Z"
      LocalEndDate="2021-04-06T08:19:18"
      DesignCapacity="51322"
      FullChargeCapacity="2495"
      CycleCount="0"
      ActiveAcTime="PT1H5M9S"
      ActiveDcTime="PT4M20S"
      CsAcTime="PT0S"
      CsDcTime="PT0S"
      ActiveDcEnergy="1576"
      CsDcEnergy="0"
      EstimatedDesignActiveTime="PT2H21M6S"
      EstimatedFullChargeActiveTime="PT6M51S"
      EstimatedDesignCsTime="PT0S"
      EstimatedFullChargeCsTime="PT0S"
      BatteryChanged="0"
      />
    <HistoryEntry
      StartDate="2021-04-06T12:19:18Z"
      LocalStartDate="2021-04-06T08:19:18"
      EndDate="2021-04-12T12:40:01Z"
      LocalEndDate="2021-04-12T08:40:01"
      DesignCapacity="51322"
      FullChargeCapacity="2495"
      CycleCount="0"
      ActiveAcTime="PT2H17M1S"
      ActiveDcTime="PT3M13S"
      CsAcTime="PT0S"
      CsDcTime="PT0S"
      ActiveDcEnergy="1501"
      CsDcEnergy="0"
      EstimatedDesignActiveTime="PT1H49M59S"
      EstimatedFullChargeActiveTime="PT5M20S"
      EstimatedDesignCsTime="PT0S"
      EstimatedFullChargeCsTime="PT0S"
      BatteryChanged="0"
      />
    <HistoryEntry
      StartDate="2021-04-12T12:40:01Z"
      LocalStartDate="2021-04-12T08:40:01"
      EndDate="2021-04-19T01:25:20Z"
      LocalEndDate="2021-04-18T21:25:20"
      DesignCapacity="51322"
      FullChargeCapacity="2495"
      CycleCount="0"
      ActiveAcTime="PT9H49M8S"
      ActiveDcTime="PT13M53S"
      CsAcTime="PT0S"
      CsDcTime="PT0S"
      ActiveDcEnergy="4710"
      CsDcEnergy="0"
      EstimatedDesignActiveTime="PT2H31M16S"
      EstimatedFullChargeActiveTime="PT7M21S"
      EstimatedDesignCsTime="PT0S"
      EstimatedFullChargeCsTime="PT0S"
      BatteryChanged="0"
      />
    <HistoryEntry
      StartDate="2021-04-19T01:25:20Z"
      LocalStartDate="2021-04-18T21:25:20"
      EndDate="2021-04-26T12:08:52Z"
      LocalEndDate="2021-04-26T08:08:52"
      DesignCapacity="51322"
      FullChargeCapacity="2548"
      CycleCount="0"
      ActiveAcTime="P1DT6H9M35S"
      ActiveDcTime="PT49M16S"
      CsAcTime="PT0S"
      CsDcTime="PT0S"
      ActiveDcEnergy="15856"
      CsDcEnergy="0"
      EstimatedDesignActiveTime="PT2H39M27S"
      EstimatedFullChargeActiveTime="PT7M55S"
      EstimatedDesignCsTime="PT0S"
      EstimatedFullChargeCsTime="PT0S"
      BatteryChanged="0"
      />
    <HistoryEntry
      StartDate="2021-04-26T12:08:52Z"
      LocalStartDate="2021-04-26T08:08:52"
      EndDate="2021-05-03T12:15:57Z"
      LocalEndDate="2021-05-03T08:15:57"
      DesignCapacity="51322"
      FullChargeCapacity="2128"
      CycleCount="0"
      ActiveAcTime="PT11H31M22S"
      ActiveDcTime="PT5M12S"
      CsAcTime="PT0S"
      CsDcTime="PT0S"
      ActiveDcEnergy="1241"
      CsDcEnergy="0"
      EstimatedDesignActiveTime="PT3H35M2S"
      EstimatedFullChargeActiveTime="PT8M55S"
      EstimatedDesignCsTime="PT0S"
      EstimatedFullChargeCsTime="PT0S"
      BatteryChanged="0"
      />
    <HistoryEntry
      StartDate="2021-05-03T12:15:57Z"
      LocalStartDate="2021-05-03T08:15:57"
      EndDate="2021-05-10T12:29:06Z"
      LocalEndDate="2021-05-10T08:29:06"
      DesignCapacity="51322"
      FullChargeCapacity="2128"
      CycleCount="0"
      ActiveAcTime="PT16H16M29S"
      ActiveDcTime="PT1M3S"
      CsAcTime="PT0S"
      CsDcTime="PT0S"
      ActiveDcEnergy="98"
      CsDcEnergy="0"
      EstimatedDesignActiveTime="PT9H9M52S"
      EstimatedFullChargeActiveTime="PT22M48S"
      EstimatedDesignCsTime="PT0S"
      EstimatedFullChargeCsTime="PT0S"
      BatteryChanged="0"
      />
    <HistoryEntry
      StartDate="2021-05-10T12:29:06Z"
      LocalStartDate="2021-05-10T08:29:06"
      EndDate="2021-05-17T12:30:39Z"
      LocalEndDate="2021-05-17T08:30:39"
      DesignCapacity="51322"
      FullChargeCapacity="2114"
      CycleCount="0"
      ActiveAcTime="PT19H5M23S"
      ActiveDcTime="PT0S"
      CsAcTime="PT0S"
      CsDcTime="PT0S"
      ActiveDcEnergy="0"
      CsDcEnergy="0"
      EstimatedDesignActiveTime="PT0S"
      EstimatedFullChargeActiveTime="PT0S"
      EstimatedDesignCsTime="PT0S"
      EstimatedFullChargeCsTime="PT0S"
      BatteryChanged="0"
      />
    <HistoryEntry
      StartDate="2021-05-17T12:30:39Z"
      LocalStartDate="2021-05-17T08:30:39"
      EndDate="2021-05-24T14:37:44Z"
      LocalEndDate="2021-05-24T10:37:44"
      DesignCapacity="51322"
      FullChargeCapacity="2063"
      CycleCount="0"
      ActiveAcTime="P1DT5H58M48S"
      ActiveDcTime="PT1M35S"
      CsAcTime="PT0S"
      CsDcTime="PT0S"
      ActiveDcEnergy="389"
      CsDcEnergy="0"
      EstimatedDesignActiveTime="PT3H28M53S"
      EstimatedFullChargeActiveTime="PT8M23S"
      EstimatedDesignCsTime="PT0S"
      EstimatedFullChargeCsTime="PT0S"
      BatteryChanged="0"
      />
    <HistoryEntry
      StartDate="2021-05-24T14:37:44Z"
      LocalStartDate="2021-05-24T10:37:44"
      EndDate="2021-05-31T12:23:01Z"
      LocalEndDate="2021-05-31T08:23:01"
      DesignCapacity="51322"
      FullChargeCapacity="2063"
      CycleCount="0"
      ActiveAcTime="PT8H15M49S"
      ActiveDcTime="PT0S"
      CsAcTime="PT0S"
      CsDcTime="PT0S"
      ActiveDcEnergy="0"
      CsDcEnergy="0"
      EstimatedDesignActiveTime="PT0S"
      EstimatedFullChargeActiveTime="PT0S"
      EstimatedDesignCsTime="PT0S"
      EstimatedFullChargeCsTime="PT0S"
      BatteryChanged="0"
      />
    <HistoryEntry
      StartDate="2021-05-31T12:23:01Z"
      LocalStartDate="2021-05-31T08:23:01"
      EndDate="2021-06-07T12:16:38Z"
      LocalEndDate="2021-06-07T08:16:38"
      DesignCapacity="51322"
      FullChargeCapacity="2063"
      CycleCount="0"
      ActiveAcTime="PT17H25M56S"
      ActiveDcTime="PT2M3S"
      CsAcTime="PT0S"
      CsDcTime="PT0S"
      ActiveDcEnergy="636"
      CsDcEnergy="0"
      EstimatedDesignActiveTime="PT2H45M25S"
      EstimatedFullChargeActiveTime="PT6M38S"
      EstimatedDesignCsTime="PT0S"
      EstimatedFullChargeCsTime="PT0S"
      BatteryChanged="0"
      />
    <HistoryEntry
      StartDate="2021-06-07T12:16:38Z"
      LocalStartDate="2021-06-07T08:16:38"
      EndDate="2021-06-21T13:04:38Z"
      LocalEndDate="2021-06-21T09:04:38"
      DesignCapacity="51322"
      FullChargeCapacity="2026"
      CycleCount="0"
      ActiveAcTime="P1DT4H47M39S"
      ActiveDcTime="PT9M18S"
      CsAcTime="PT0S"
      CsDcTime="PT0S"
      ActiveDcEnergy="2516"
      CsDcEnergy="0"
      EstimatedDesignActiveTime="PT3H9M42S"
      EstimatedFullChargeActiveTime="PT7M29S"
      EstimatedDesignCsTime="PT0S"
      EstimatedFullChargeCsTime="PT0S"
      BatteryChanged="0"
      />
    <HistoryEntry
      StartDate="2021-06-21T13:04:38Z"
      LocalStartDate="2021-06-21T09:04:38"
      EndDate="2021-06-28T14:04:23Z"
      LocalEndDate="2021-06-28T10:04:23"
      DesignCapacity="51322"
      FullChargeCapacity="1987"
      CycleCount="0"
      ActiveAcTime="PT11H49M45S"
      ActiveDcTime="PT45S"
      CsAcTime="PT0S"
      CsDcTime="PT0S"
      ActiveDcEnergy="205"
      CsDcEnergy="0"
      EstimatedDesignActiveTime="PT3H7M45S"
      EstimatedFullChargeActiveTime="PT7M16S"
      EstimatedDesignCsTime="PT0S"
      EstimatedFullChargeCsTime="PT0S"
      BatteryChanged="0"
      />
    <HistoryEntry
      StartDate="2021-06-28T14:04:23Z"
      LocalStartDate="2021-06-28T10:04:23"
      EndDate="2021-07-05T13:01:36Z"
      LocalEndDate="2021-07-05T09:01:36"
      DesignCapacity="51322"
      FullChargeCapacity="1987"
      CycleCount="0"
      ActiveAcTime="PT13H44M48S"
      ActiveDcTime="PT2M25S"
      CsAcTime="PT0S"
      CsDcTime="PT0S"
      ActiveDcEnergy="670"
      CsDcEnergy="0"
      EstimatedDesignActiveTime="PT3H5M7S"
      EstimatedFullChargeActiveTime="PT7M10S"
      EstimatedDesignCsTime="PT0S"
      EstimatedFullChargeCsTime="PT0S"
      BatteryChanged="0"
      />
    <HistoryEntry
      StartDate="2021-07-05T13:01:36Z"
      LocalStartDate="2021-07-05T09:01:36"
      EndDate="2021-07-19T16:53:33Z"
      LocalEndDate="2021-07-19T12:53:33"
      DesignCapacity="51322"
      FullChargeCapacity="1996"
      CycleCount="0"
      ActiveAcTime="P3DT19H5M48S"
      ActiveDcTime="PT19M59S"
      CsAcTime="PT0S"
      CsDcTime="PT0S"
      ActiveDcEnergy="5694"
      CsDcEnergy="0"
      EstimatedDesignActiveTime="PT3H0M7S"
      EstimatedFullChargeActiveTime="PT7M0S"
      EstimatedDesignCsTime="PT0S"
      EstimatedFullChargeCsTime="PT0S"
      BatteryChanged="0"
      />
    <HistoryEntry
      StartDate="2021-07-19T16:53:33Z"
      LocalStartDate="2021-07-19T12:53:33"
      EndDate="2021-07-26T13:19:46Z"
      LocalEndDate="2021-07-26T09:19:46"
      DesignCapacity="51322"
      FullChargeCapacity="2041"
      CycleCount="0"
      ActiveAcTime="PT15H10M0S"
      ActiveDcTime="PT0S"
      CsAcTime="PT0S"
      CsDcTime="PT0S"
      ActiveDcEnergy="0"
      CsDcEnergy="0"
      EstimatedDesignActiveTime="PT0S"
      EstimatedFullChargeActiveTime="PT0S"
      EstimatedDesignCsTime="PT0S"
      EstimatedFullChargeCsTime="PT0S"
      BatteryChanged="0"
      />
    <HistoryEntry
      StartDate="2021-07-26T13:19:46Z"
      LocalStartDate="2021-07-26T09:19:46"
      EndDate="2021-08-02T17:33:20Z"
      LocalEndDate="2021-08-02T13:33:20"
      DesignCapacity="51322"
      FullChargeCapacity="2041"
      CycleCount="0"
      ActiveAcTime="PT13H6M11S"
      ActiveDcTime="PT3M11S"
      CsAcTime="PT0S"
      CsDcTime="PT0S"
      ActiveDcEnergy="1005"
      CsDcEnergy="0"
      EstimatedDesignActiveTime="PT2H42M33S"
      EstimatedFullChargeActiveTime="PT6M27S"
      EstimatedDesignCsTime="PT0S"
      EstimatedFullChargeCsTime="PT0S"
      BatteryChanged="0"
      />
    <HistoryEntry
      StartDate="2021-08-02T17:33:20Z"
      LocalStartDate="2021-08-02T13:33:20"
      EndDate="2021-08-09T12:27:07Z"
      LocalEndDate="2021-08-09T08:27:07"
      DesignCapacity="51322"
      FullChargeCapacity="2041"
      CycleCount="0"
      ActiveAcTime="PT10H57M34S"
      ActiveDcTime="PT47S"
      CsAcTime="PT0S"
      CsDcTime="PT0S"
      ActiveDcEnergy="313"
      CsDcEnergy="0"
      EstimatedDesignActiveTime="PT2H8M26S"
      EstimatedFullChargeActiveTime="PT5M6S"
      EstimatedDesignCsTime="PT0S"
      EstimatedFullChargeCsTime="PT0S"
      BatteryChanged="0"
      />
    <HistoryEntry
      StartDate="2021-08-09T12:27:07Z"
      LocalStartDate="2021-08-09T08:27:07"
      EndDate="2021-08-19T15:20:24Z"
      LocalEndDate="2021-08-19T11:20:24"
      DesignCapacity="51322"
      FullChargeCapacity="2037"
      CycleCount="0"
      ActiveAcTime="P1DT6H9M37S"
      ActiveDcTime="PT36S"
      CsAcTime="PT0S"
      CsDcTime="PT0S"
      ActiveDcEnergy="216"
      CsDcEnergy="0"
      EstimatedDesignActiveTime="PT2H22M33S"
      EstimatedFullChargeActiveTime="PT5M39S"
      EstimatedDesignCsTime="PT0S"
      EstimatedFullChargeCsTime="PT0S"
      BatteryChanged="0"
      />
    <HistoryEntry
      StartDate="2021-08-19T15:20:24Z"
      LocalStartDate="2021-08-19T11:20:24"
      EndDate="2021-08-23T17:18:40Z"
      LocalEndDate="2021-08-23T13:18:40"
      DesignCapacity="51322"
      FullChargeCapacity="1944"
      CycleCount="0"
      ActiveAcTime="PT41M54S"
      ActiveDcTime="PT0S"
      CsAcTime="PT0S"
      CsDcTime="PT0S"
      ActiveDcEnergy="0"
      CsDcEnergy="0"
      EstimatedDesignActiveTime="PT0S"
      EstimatedFullChargeActiveTime="PT0S"
      EstimatedDesignCsTime="PT0S"
      EstimatedFullChargeCsTime="PT0S"
      BatteryChanged="0"
      />
    <HistoryEntry
      StartDate="2021-08-23T17:18:40Z"
      LocalStartDate="2021-08-23T13:18:40"
      EndDate="2021-08-30T15:35:50Z"
      LocalEndDate="2021-08-30T11:35:50"
      DesignCapacity="51322"
      FullChargeCapacity="1920"
      CycleCount="0"
      ActiveAcTime="PT17H52M10S"
      ActiveDcTime="PT5M12S"
      CsAcTime="PT0S"
      CsDcTime="PT0S"
      ActiveDcEnergy="1772"
      CsDcEnergy="0"
      EstimatedDesignActiveTime="PT2H30M36S"
      EstimatedFullChargeActiveTime="PT5M38S"
      EstimatedDesignCsTime="PT0S"
      EstimatedFullChargeCsTime="PT0S"
      BatteryChanged="0"
      />
    <HistoryEntry
      StartDate="2021-08-30T15:35:50Z"
      LocalStartDate="2021-08-30T11:35:50"
      EndDate="2021-09-06T12:23:50Z"
      LocalEndDate="2021-09-06T08:23:50"
      DesignCapacity="51322"
      FullChargeCapacity="1912"
      CycleCount="0"
      ActiveAcTime="P1DT4H30M27S"
      ActiveDcTime="PT16S"
      CsAcTime="PT0S"
      CsDcTime="PT0S"
      ActiveDcEnergy="146"
      CsDcEnergy="0"
      EstimatedDesignActiveTime="PT1H33M44S"
      EstimatedFullChargeActiveTime="PT3M29S"
      EstimatedDesignCsTime="PT0S"
      EstimatedFullChargeCsTime="PT0S"
      BatteryChanged="0"
      />
    <HistoryEntry
      StartDate="2021-09-06T12:23:50Z"
      LocalStartDate="2021-09-06T08:23:50"
      EndDate="2021-09-13T15:24:24Z"
      LocalEndDate="2021-09-13T11:24:24"
      DesignCapacity="51322"
      FullChargeCapacity="1912"
      CycleCount="0"
      ActiveAcTime="P1DT4H24M6S"
      ActiveDcTime="PT3S"
      CsAcTime="PT0S"
      CsDcTime="PT0S"
      ActiveDcEnergy="54"
      CsDcEnergy="0"
      EstimatedDesignActiveTime="PT47M31S"
      EstimatedFullChargeActiveTime="PT1M46S"
      EstimatedDesignCsTime="PT0S"
      EstimatedFullChargeCsTime="PT0S"
      BatteryChanged="0"
      />
    <HistoryEntry
      StartDate="2021-09-13T15:24:24Z"
      LocalStartDate="2021-09-13T11:24:24"
      EndDate="2021-11-26T13:37:14Z"
      LocalEndDate="2021-11-26T08:37:14"
      DesignCapacity="0"
      FullChargeCapacity="0"
      CycleCount="0"
      ActiveAcTime="PT0S"
      ActiveDcTime="PT0S"
      CsAcTime="PT0S"
      CsDcTime="PT0S"
      ActiveDcEnergy="0"
      CsDcEnergy="0"
      EstimatedDesignActiveTime="PT0S"
      EstimatedFullChargeActiveTime="PT0S"
      EstimatedDesignCsTime="PT0S"
      EstimatedFullChargeCsTime="PT0S"
      BatteryChanged="0"
      />
    <HistoryEntry
      StartDate="2021-11-27T05:00:00Z"
      LocalStartDate="2021-11-27T00:00:00"
      EndDate="2021-11-28T04:59:59Z"
      LocalEndDate="2021-11-27T23:59:59"
      DesignCapacity="51322"
      FullChargeCapacity="2138"
      CycleCount="0"
      ActiveAcTime="PT0S"
      ActiveDcTime="PT0S"
      CsAcTime="PT0S"
      CsDcTime="PT0S"
      ActiveDcEnergy="0"
      CsDcEnergy="0"
      EstimatedDesignActiveTime="PT0S"
      EstimatedFullChargeActiveTime="PT0S"
      EstimatedDesignCsTime="PT0S"
      EstimatedFullChargeCsTime="PT0S"
      BatteryChanged="0"
      />
    <HistoryEntry
      StartDate="2021-11-28T05:00:00Z"
      LocalStartDate="2021-11-28T00:00:00"
      EndDate="2021-11-29T04:59:59Z"
      LocalEndDate="2021-11-28T23:59:59"
      DesignCapacity="51322"
      FullChargeCapacity="2138"
      CycleCount="0"
      ActiveAcTime="PT0S"
      ActiveDcTime="PT0S"
      CsAcTime="PT0S"
      CsDcTime="PT0S"
      ActiveDcEnergy="0"
      CsDcEnergy="0"
      EstimatedDesignActiveTime="PT0S"
      EstimatedFullChargeActiveTime="PT0S"
      EstimatedDesignCsTime="PT0S"
      EstimatedFullChargeCsTime="PT0S"
      BatteryChanged="0"
      />
    <HistoryEntry
      StartDate="2021-11-29T05:00:00Z"
      LocalStartDate="2021-11-29T00:00:00"
      EndDate="2021-11-30T04:59:59Z"
      LocalEndDate="2021-11-29T23:59:59"
      DesignCapacity="51322"
      FullChargeCapacity="2138"
      CycleCount="0"
      ActiveAcTime="PT0S"
      ActiveDcTime="PT0S"
      CsAcTime="PT0S"
      CsDcTime="PT0S"
      ActiveDcEnergy="0"
      CsDcEnergy="0"
      EstimatedDesignActiveTime="PT0S"
      EstimatedFullChargeActiveTime="PT0S"
      EstimatedDesignCsTime="PT0S"
      EstimatedFullChargeCsTime="PT0S"
      BatteryChanged="0"
      />
    <HistoryEntry
      StartDate="2021-11-30T05:00:00Z"
      LocalStartDate="2021-11-30T00:00:00"
      EndDate="2021-12-01T04:59:59Z"
      LocalEndDate="2021-11-30T23:59:59"
      DesignCapacity="51322"
      FullChargeCapacity="2138"
      CycleCount="0"
      ActiveAcTime="PT0S"
      ActiveDcTime="PT0S"
      CsAcTime="PT0S"
      CsDcTime="PT0S"
      ActiveDcEnergy="0"
      CsDcEnergy="0"
      EstimatedDesignActiveTime="PT0S"
      EstimatedFullChargeActiveTime="PT0S"
      EstimatedDesignCsTime="PT0S"
      EstimatedFullChargeCsTime="PT0S"
      BatteryChanged="0"
      />
    <HistoryEntry
      StartDate="2021-12-01T05:00:00Z"
      LocalStartDate="2021-12-01T00:00:00"
      EndDate="2021-12-02T04:59:59Z"
      LocalEndDate="2021-12-01T23:59:59"
      DesignCapacity="51322"
      FullChargeCapacity="2138"
      CycleCount="0"
      ActiveAcTime="PT0S"
      ActiveDcTime="PT0S"
      CsAcTime="PT0S"
      CsDcTime="PT0S"
      ActiveDcEnergy="0"
      CsDcEnergy="0"
      EstimatedDesignActiveTime="PT0S"
      EstimatedFullChargeActiveTime="PT0S"
      EstimatedDesignCsTime="PT0S"
      EstimatedFullChargeCsTime="PT0S"
      BatteryChanged="0"
      />
    <HistoryEntry
      StartDate="2021-12-02T05:00:00Z"
      LocalStartDate="2021-12-02T00:00:00"
      EndDate="2021-12-03T04:59:59Z"
      LocalEndDate="2021-12-02T23:59:59"
      DesignCapacity="51322"
      FullChargeCapacity="2138"
      CycleCount="0"
      ActiveAcTime="PT0S"
      ActiveDcTime="PT0S"
      CsAcTime="PT0S"
      CsDcTime="PT0S"
      ActiveDcEnergy="0"
      CsDcEnergy="0"
      EstimatedDesignActiveTime="PT0S"
      EstimatedFullChargeActiveTime="PT0S"
      EstimatedDesignCsTime="PT0S"
      EstimatedFullChargeCsTime="PT0S"
      BatteryChanged="0"
      />
    <HistoryEntry
      StartDate="2021-12-03T05:00:00Z"
      LocalStartDate="2021-12-03T00:00:00"
      EndDate="2021-12-04T04:59:59Z"
      LocalEndDate="2021-12-03T23:59:59"
      DesignCapacity="51322"
      FullChargeCapacity="2138"
      CycleCount="0"
      ActiveAcTime="PT0S"
      ActiveDcTime="PT0S"
      CsAcTime="PT0S"
      CsDcTime="PT0S"
      ActiveDcEnergy="0"
      CsDcEnergy="0"
      EstimatedDesignActiveTime="PT0S"
      EstimatedFullChargeActiveTime="PT0S"
      EstimatedDesignCsTime="PT0S"
      EstimatedFullChargeCsTime="PT0S"
      BatteryChanged="0"
      />
    <HistoryEntry
      StartDate="2021-12-04T05:00:00Z"
      LocalStartDate="2021-12-04T00:00:00"
      EndDate="2021-12-05T04:59:59Z"
      LocalEndDate="2021-12-04T23:59:59"
      DesignCapacity="51322"
      FullChargeCapacity="2138"
      CycleCount="0"
      ActiveAcTime="PT0S"
      ActiveDcTime="PT0S"
      CsAcTime="PT0S"
      CsDcTime="PT0S"
      ActiveDcEnergy="0"
      CsDcEnergy="0"
      EstimatedDesignActiveTime="PT0S"
      EstimatedFullChargeActiveTime="PT0S"
      EstimatedDesignCsTime="PT0S"
      EstimatedFullChargeCsTime="PT0S"
      BatteryChanged="0"
      />
    <HistoryEntry
      StartDate="2021-12-05T05:00:00Z"
      LocalStartDate="2021-12-05T00:00:00"
      EndDate="2021-12-06T04:59:59Z"
      LocalEndDate="2021-12-05T23:59:59"
      DesignCapacity="51322"
      FullChargeCapacity="2138"
      CycleCount="0"
      ActiveAcTime="PT0S"
      ActiveDcTime="PT0S"
      CsAcTime="PT0S"
      CsDcTime="PT0S"
      ActiveDcEnergy="0"
      CsDcEnergy="0"
      EstimatedDesignActiveTime="PT0S"
      EstimatedFullChargeActiveTime="PT0S"
      EstimatedDesignCsTime="PT0S"
      EstimatedFullChargeCsTime="PT0S"
      BatteryChanged="0"
      />
    <HistoryEntry
      StartDate="2021-12-06T05:00:00Z"
      LocalStartDate="2021-12-06T00:00:00"
      EndDate="2021-12-07T04:59:59Z"
      LocalEndDate="2021-12-06T23:59:59"
      DesignCapacity="51322"
      FullChargeCapacity="2138"
      CycleCount="0"
      ActiveAcTime="PT0S"
      ActiveDcTime="PT0S"
      CsAcTime="PT0S"
      CsDcTime="PT0S"
      ActiveDcEnergy="0"
      CsDcEnergy="0"
      EstimatedDesignActiveTime="PT0S"
      EstimatedFullChargeActiveTime="PT0S"
      EstimatedDesignCsTime="PT0S"
      EstimatedFullChargeCsTime="PT0S"
      BatteryChanged="0"
      />
    <HistoryEntry
      StartDate="2021-12-07T05:00:00Z"
      LocalStartDate="2021-12-07T00:00:00"
      EndDate="2021-12-08T04:59:59Z"
      LocalEndDate="2021-12-07T23:59:59"
      DesignCapacity="51322"
      FullChargeCapacity="2138"
      CycleCount="0"
      ActiveAcTime="PT0S"
      ActiveDcTime="PT0S"
      CsAcTime="PT0S"
      CsDcTime="PT0S"
      ActiveDcEnergy="0"
      CsDcEnergy="0"
      EstimatedDesignActiveTime="PT0S"
      EstimatedFullChargeActiveTime="PT0S"
      EstimatedDesignCsTime="PT0S"
      EstimatedFullChargeCsTime="PT0S"
      BatteryChanged="0"
      />
    <HistoryEntry
      StartDate="2021-12-08T05:00:00Z"
      LocalStartDate="2021-12-08T00:00:00"
      EndDate="2021-12-09T04:59:59Z"
      LocalEndDate="2021-12-08T23:59:59"
      DesignCapacity="51322"
      FullChargeCapacity="2138"
      CycleCount="0"
      ActiveAcTime="PT0S"
      ActiveDcTime="PT0S"
      CsAcTime="PT0S"
      CsDcTime="PT0S"
      ActiveDcEnergy="0"
      CsDcEnergy="0"
      EstimatedDesignActiveTime="PT0S"
      EstimatedFullChargeActiveTime="PT0S"
      EstimatedDesignCsTime="PT0S"
      EstimatedFullChargeCsTime="PT0S"
      BatteryChanged="0"
      />
  </History>
  <EnergyDrains>
  </EnergyDrains>
</BatteryReport>
