#__________________________________________________________,,,
#,,,
# PassMark Software,,,
# DiskCheckUp v3.5,,,
# SMART Attribute Descriptions,,,
#__________________________________________________________,,,
#,,,
# Configuring SMART Attribute Descriptions,,,
#,,,
# Each of the SMART Attribute descriptions in DiskCheckup ,,,
# are specified using the strings in this file. The strings,,,
# can be customized to use a specific description of a SMART,,,
# attribute for a particular drive. ,,,
#,,,
# The file is formatted as a Comma Separated File with four required fields:,,,
#,,,
# 1. Attribute ID - The SMART attribute ID in decimal,,,
# 2. Attribute Name - The name of the SMART Attribute,,,
# 3. Higher/Lower is better - Whether a higher or lower raw value is better (1 = higher is better; -1 = lower is better; 0 = unknown),,,
# 4. Attribute Description - The SMART attribute description to display when both Attribute ID and Attribute Name matches,,,
#,,,
# Additional comma separated values will be ignored and can be used for comments.,,,
#,,,
#,,,
# Notes:,,,
#   (i) DiskCheckUp must be restarted after making changes to this file,,,
#  (ii) You need to run DiskCheckUp with sufficient privileges to save ,,,
#       this file in the DiskCheckUp directory.,,,
"# (iii) A comment is indicated by a ""#"" at the start of the line.",,,
#  (iv) This file may be deleted on uninstalling DiskCheckUp or installing,,,
#       a new version of DiskCheckUp. It is recommended that you keep a ,,,
#       separate copy of this file.,,,
# References:,,,
#   The default SMART attribute descriptions were taken from wikipedia (http://en.wikipedia.org/wiki/S.M.A.R.T.#Known_ATA_S.M.A.R.T._attributes),,,
#__________________________________________________________,,,
1,Raw Read Error Rate,-1,Stores data related to the rate of hardware read errors that occurred when reading data from a disk surface. The raw value is interpreted differently for different vendors and is often not meaningful as a decimal number.
2,Throughput Performance,1,Overall throughput performance of a hard disk drive. If the value of this attribute is decreasing there is a high probability that there is a problem with the disk.
3,Spin Up Time,-1,Average time of spindle spin up (from zero RPM to fully operational). The units (milliseconds or seconds) for the raw value are different for different vendors.
4,Start/Stop Count,0,"Count of spindle start/stop cycles. The spindle is started when the hard disk is turned on from a disconnected power state, and when the hard disk returns from being in sleep mode. This parameter is considered informational by the most hardware vendors."
5,Reallocated Sector Count,-1,"Count of reallocated sectors. A sector is marked “reallocated” when the hard drive finds a read/write/verification error and transfers the sector data to a special reserved area. The raw value normally represents a count of the bad sectors that have been found and remapped. Thus, the higher the number of sectors that are reallocated, the lower the performance and the life expectancy of the drive."
5,Retired Block Count,-1,"Number of retired blocks, showing both manufacturing bad blocks and growing bad blocks."
6,Read Channel Margin,0,Margin of a channel while reading data. Most vendors do not use this attribute.
7,Seek Error Rate,0,"Rate of seek errors of the drive's magnetic heads. If there is a partial failure in the mechanical positioning system, then seek errors will arise. Such a failure may be due to numerous factors such as damage to a servo, or thermal widening of the hard disk. The raw value is interpreted differently for different vendors and is often not meaningful as a decimal number."
8,Seek Time Performance,1,"Average performance of seek operations of the drive's magnetic heads. If this attribute is decreasing, it is a sign of problems in the mechanical subsystem."
9,Power On Time,0,"Count of the total time the drive is in power-on state. The raw value of this attribute shows total count of hours, minutes, or seconds (depending on manufacturer) in power-on state. A higher raw value indicates a decrease in the mean time between failures."
10,Spin Retry Count,-1,Count of the number of spin start retries to reach the fully operational speed excluding the first unsuccessful attempt. An increase of this raw value is a sign of problems in the hard disk mechanical subsystem.
11,Calibration Retry Count,-1,Count of the number of drive recalibration attempts excluding the first unsuccessful attempt. An increase of this raw value is a sign of problems in the hard disk mechanical subsystem.
12,Power Cycle Count,0,Count of the number of full hard disk power on/off cycles.
13,Soft Read Error Rate,-1,Number of uncorrected read errors reported to the operating system.
99,Average Flying Height control,0,"Average flying height control. Flying height is the deviation of a head height above the disk surface from the optimal height value. If a head is too close to the disk surface, there is a risk of mechanical damage. If a head is too far from the disk surface, read/write errors may happen."
100,Program/Erase Cycles,0,Count of erase/program cycles of flash memory in the drive's entire lifetime. An SSD has a limit on how many times one can write to it. The exact values depend on a type and make of the flash memory chip.
101,Maximum Flying Height control,0,"Maximum flying height control. Flying height is the deviation of a head height above the disk surface from the optimal height value. If a head is too close to the disk surface, there is a risk of mechanical damage. If a head is too far from the disk surface, read/write errors may happen."
103,Translation Table Rebuild,-1,Number of events generated when internal tables of block addresses are damaged and subsequently rebuilt. The raw value of this attribute indicates the actual event count.
168,SATA PHY Error Count,-1,"Includes all PHY error count; except - Data FIS CRC, code error, disparity error, command FIS CRC. Only accumulated from power ON (clears to Zero when power OFF)"
170,Reserved Block Count,0,Describes the state of the reserved block pool. The value of the attribute shows the percentage of the pool remaining. The Raw value sometimes contains the actual number of used reserve blocks.
170,Available Reserved Space,0,"Reports the number of reserved blocks remaining. The attribute value begins at 100, which indicates that the reserved space is 100% available. The threshold value for this attribute is 10% availability, which indicates that the drive is close to its end life."
170,Bad Block Count,-1,Number of bad blocks on the drive.
170,New Failing Block Count,-1,Total bad block count of the drive minus the number of one-time programmable (OTP) bad blocks.
171,Program Fail Count,0,Count of the number of flash program failures. The raw value indicated the total number of Flash program operation failures since the drive was deployed. This attribute is identical to attribute 0xB5.
171,Available OP Block Count,0,No additional details available for this Indilinx controller attribute
172,Erase Fail Count,0,Count of the number of flash erase failures. The raw value indicates the total number of Flash erase operation failures since the drive was deployed. This Attribute is identical to Attribute 0xB6.
173,Wear Leveling Count,0,Maximum number of erase operations performed on a single flash memory block
173,Erase Count,0,Average erase count of all good blocks
173,Block Wear Leveling Count / Average Block Erase Count,0,Average erase count of all good blocks
174,Unexpected Power Loss Count,-1,"Count of the number of unexpected power loss events. Also known as ""Power-off Retract Count"" in HDD terminology. The raw value reports the number of unclean shutdowns, which is the removal of power without issuing STANDBY IMMEDIATE as the last command."
175,Power Loss Protection Failure,0,"Indicates the time in microseconds to discharge capacitor. Normalized value is set to 1 on test failure, 11 if the capacitor has been tested in an excessive temperature condition, otherwise 100. Raw value contains the following data: Bytes 0-1: Microseconds to discharge capacitor. Bytes 2-3: Minutes since last test. Bytes 4-5: Lifetime number of tests
"
175,Program Fail Count (Chip),-1,"Total number of flash memory program operation failures since the drive was deployed. When the flash memory is worn out, it cannot be written to any longer and becomes read-only. The Raw value shows the actual number of failures."
175,Bad Cluster Table Count,-1,ECC Fail Count
176,Erase Fail Count (Chip),0,"Total number of flash memory erase operation failures since the drive was deployed. When the flash memory is worn out, it cannot be written to any longer and becomes read-only. The Raw value shows the actual number of failures."
177,Wear Range Delta,0,Delta (difference) between most-worn and least-worn Flash blocks. It describes how good/bad the wearleveling of the SSD works in a more technical basis.
178,Used Reserved Block Count (Chip),0,"Number of reserved blocks on the chip that have been used as a result of a read, program or erase failure. This value is related to attribute 5 (Reallocated Sector Count) and will vary based on SSD density. The raw value may contain the actual number of used reserve blocks."
179,Used Reserved Block Count (Total),0,"Number of reserved blocks that have been used as a result of a read, program or erase failure. This value is related to attribute 5 (Reallocated Sector Count) and will vary based on SSD density. The raw value may contain the actual number of used reserve blocks."
180,Unused Reserved Block Count (Total),0,"Number of reserved blocks that have not been used as a result of a read, program or erase failure. This value is related to attribute 5 (Reallocated Sector Count) and will vary based on SSD density. The raw value may contain the actual number of unused reserve blocks."
181,Program Fail Count (Total),-1,"Total number of flash memory program operation failures since the drive was deployed. When the flash memory is worn out, it cannot be written to any longer and becomes read-only. The Raw value shows the actual number of failures."
181,Non-4K Aligned Access Count,0,"Number of user data accesses (both reads and writes) where LBA's or sizes are not 4KB-aligned, assuming a logical block size of 512 bytes. The raw value contains two values: the low order 16 bits of the raw data contain the total unaligned reads counter, divided by 60,000, with a ceiling value of 65,535; the high order 16 bits of the raw data contain the total unaligned writes counter, divided by 60,000, with a ceiling value of 65,535."
182,Erase Fail Count (Total),0,"Total number of flash memory erase operation failures since the drive was deployed. When the flash memory is worn out, it cannot be written to any longer and becomes read-only. The Raw value shows the actual number of failures."
183,SATA Downshift Error Count,-1,"Indicates how often it was required to decrease the SATA transmission speed (from 6 Gbps to 3 or 1.5 Gbps, or from 3 Gbps to 1.5 Gbps) in order to transfer data successfully. If the attribute value is decreasing, try replacing the SATA cable."
183,Runtime bad block (Total),-1,"Total number of data blocks with detected, uncorrectable errors encountered during normal operation."
184,End-to-End error,-1,"Count of parity errors which occur in the data path to the media via the drive's cache RAM. Parity errors indicate malfunctions of the cache memory, which is critical to the drive's proper operation. This attribute is a part of Hewlett-Packard's SMART IV technology, as well as part of other vendors' IO Error Detection and Correction schemas."
184,Initial Bad Block Count,0,No additional details available for this Indilinx controller attribute
184,Error Correction Count,-1,Count of end-to-end correction events which occur in the data path to the media via the drive's cache RAM.
185,Head Stability,0,No additional details available for this Western Digital attribute
186,Induced Op-Vibration Detection,0,No additional details available for this Western Digital attribute
187,Reported Uncorrectable Errors,-1,Count of errors that could not be recovered using hardware ECC (see attribute 0xC3).
188,Command Timeout,-1,"Count of aborted operations due to HDD timeout. If this value is far above zero, then most likely there will be some serious problems with power supply or an oxidized data cable."
189,High Fly Writes,-1,"Number of write errors caused by the fact that a write head was outside normal range of height above disk platter. HDD vendors implement a Fly Height Monitor that attempts to detect when a recording head is flying outside its normal operating range. If an unsafe fly height condition is encountered, the write process is stopped and the information is rewritten or reallocated to a safe region of the hard drive."
189,Factory Bad Block Count,0,One-time programmable (OTP) bad block count
190,Air Flow temperature,-1,"Temperature of the air inside the hard disk housing. The value is equal to [100 – temperature °C], which allows setting a lower attribute value as the maximum temperature threshold."
190,Temperature Difference from 100,1,"Temperature of the air inside the hard disk housing. The value is equal to [100 – temperature °C], which allows setting a lower attribute value as the maximum temperature threshold."
190,Case Temperature (Difference from 100),1,"Temperature of the air inside the hard disk housing. The value is equal to [100 – temperature °C], which allows setting a lower attribute value as the maximum temperature threshold."
191,G-sense Error Rate,-1,"Count of errors resulting from externally induced shock & vibration. Typically, this attribute is used in laptop hard drives. In desktop hard drives, sometimes the attribute is listed but never changes, because apparently the vibration detection circuitry is not available."
192,Power-off Retract Count,-1,"Number of times the power was lost before a command to turn off the disk is received. On an HDD, unexpected power outages decreases the lifetime of the drive. On an SSD, there is a risk of losing the internal state table when an unexpected shutdown occurs."
192,Unexpected Power Loss Count,-1,"Count of the number of unexpected power loss events. Also known as ""Power-off Retract Count"" in HDD terminology. The raw value reports the number of unclean shutdowns, which is the removal of power without issuing STANDBY IMMEDIATE as the last command."
192,Unsafe Shutdown Count,-1,"Count of the number of unexpected power loss events. Also known as ""Power-off Retract Count"" in HDD terminology. The raw value reports the number of unclean shutdowns, which is the removal of power without issuing STANDBY IMMEDIATE as the last command."
193,Load Cycle Count,-1,"Count of load/unload cycles into head landing zone position. Some laptop drives and ""green power"" desktop drives are programmed to unload the heads whenever there has not been any activity for a very short period of time, such as about five seconds."
194,Temperature,-1,Current internal temperature of the drive. Raw value typicaly holds the actual temperature in degrees Celsiius in its least signifant byte
195,Hardware ECC Recovered,0,Number of errors which were corrected using Error Correction Code.
195,On the fly ECC Uncorrectable Error Count,-1,Tracks the number of uncorrectable errors (UECC) by ECC on the fly but correctable by the RAISE. It is identical to the attribute 0xC9.
195,Program Failure Block Count,-1,Indicates the total number of program failures. This is incremented when a new bad block has been added when a program failure has occurred.
195,ECC Error Rate,-1,Percentage of ECC correctable errors 
195,Cumulative Corrected ECC,0,Provides data that is tracked by Micron engineering. It is not indicative of SSD wear or of impending failure.
196,Reallocation Event Count,-1,Count of remap operations that transfer data from a bad sector to a special reserved disk area. The raw value of this attribute shows the total count of attempts to transfer data from reallocated sectors to a spare area. Both successful & unsuccessful attempts are counted.
196,Erase Failure Block Count,-1,Indicates the total number of erase failures. This is incremented when a new bad block has been added when an erase failure has occurred.
197,Current Pending Sector Count,-1,"Count of ""unstable"" sectors (waiting to be remapped, because of unrecoverable read errors). If an unstable sector is subsequently read successfully, the sector is remapped and this value is decreased."
197,Read Failure Block Count (Uncorrectable),-1,Indicates the total number of read failures. This is incremented when a new bad block has been added when a read failure has occurred.
198,Uncorrectable Sector Count,-1,Count of uncorrectable errors when reading/writing a sector. A rise in the value of this attribute indicates defects of the disk surface and/or problems in the mechanical subsystem.
198,Host reads (GB),0,"Total amount of data read to hosts since the drive was deployed. The number stored represents the number of bytes read by the host to the drive, in 1GB increments. "
198,Total Count of Read Sectors,0,"Total amount of data read to hosts since the drive was deployed. The number stored represents the number of sectors read by the host to the drive, typically in 512-byte increments."
199,UltraDMA CRC Error Count,-1,Count of CRC errors during data transfer in UltraDMA mode via the interface cable as determined by ICRC (Interface Cyclic Redundancy Check).
199,Host writes (GB),0,"Total amount of data written to hosts since the drive was deployed. The number stored represents the number of bytes written by the host to the drive, in 1GB increments. "
199,Total Count of Write Sectors,0,"Total amount of data written to hosts since the drive was deployed. The number stored represents the number of sectors written by the host to the drive, typically in 512-byte increments."
200,Multi-Zone Error Rate,-1,Number of errors appearing while writing data to a hard disk. This may be caused by problems with disk surface or the read/write heads.
200,Write Error Count,-1,Number of errors appearing while writing data to a hard disk. This may be caused by problems with disk surface or the read/write heads.
200,Total Count of Read Commands,0,Total Count of Read Commands
201,Off Track Errors,-1,"Depending on the drive manufacturer, this attribute could indicate the number of either uncorrectable or correctable software read errors."
201,Total Count of Write Commands,0,Total Count of Write Commands
201,Uncorrectable Soft Read Error Rate,-1,Tracks number of soft read errors that cannot be fixed by ECC on-the-fly and requires deep recovery via RAISE. (i.e. UECC). It’s identical to the attributes 0xC3 and 0xCC.
201,Supercap Status,0,Health indicator of Supercapacitor on Samsung SSD's.
202,Data Address Mark errors,-1,Number of errors encountered when a read head searches for a requested sector.
202,Total Count of Error Bits from Flash,-1,Total Count of Error Bits from Flash
202,Exception Mode Status,0,No additional details available for this Samsung attribute
202,Percentage Lifetime Remaining,1,"Remaining life of the SSD drive as a percentage. Normalized value reports the remaining life on device, as a percentage from 100 to 0%."
202,Percentage Lifetime Used,-1,"Average erase count of all blocks on Channel 0 CE 0 divided by the specified MaxEraseCount (10k for MLC or 100k for SLC), reported as a percentage from 0 to 100%."
203,Error Correction Code Errors,-1,Number of errors caused by incorrect checksum during the error correction.
203,Total Count of Read Sectors with Correctable Errors,-1,Total Count of Read Sectors with Correctable Errors
204,Soft ECC Correction,-1,Count of errors corrected by software ECC
204,Bad Block Full Flag,0,No additional details available for this Indilinx controller attribute
205,Thermal Asperity Rate,-1,Rate at which read errors occur due to short-term temperature fluctuations on a hard drive read head.
205,Maximum PE Count Specification,0,Maximum Program/Erase Count as per SSD specifications
206,Flying Height,-1,"Deviation of a head height above the disk surface from the optimal height value. If a head is too close to the disk surface, there is a risk of mechanical damage. If a head is too far from the disk surface, read/write errors may happen."
206,Minimum Erase Count,0,Minimum erase count recorded on any given disk block
206,Write Error Rate,-1,"Number of program failures divided by 60,000, to a maximum of 65,535."
207,Spin High Current,-1,Amount of current needed to spin a hard disk up. This attribute is only used in rotational hard drives.
207,Maximum Erase Count,0,Maximum erase count recorded for any given disk block
208,Spin Buzz,0,Number of retries needed to spin up the drive due to insufficient power.
208,Average Erase Count,0,Average erase count of all disk blocks
209,Offline Seek Performance,0,Performance of a drive's seek operations measured during its internal tests.
209,Remaining Life (%),1,Remaining life of the SSD drive as a percentage.
210,Vibration During Write,0,Count of vibrations encountered during write operations.
210,SATA Error Count CRC,-1,Count of SATA CRC errors.
210,Indilinx Internal,0,Unspecified internal Indilinx attribute.
210,Successful RAIN Recovery Count,0,Total number of TUs successfully recovered by RAIN (redundant array of independent NAND).
211,Vibration During Write,0,Count of vibrations encountered during write operations.
211,SATA Error Count CRC,-1,Count of SATA CRC errors.
212,Shock During Write,0,Count of shocks encountered during write operatinos.
212,SATA Error Count Handshake,-1,Count of SATA handhsake errors.
213,Ground Seek Errors Count / RRO-C ERP,0,Found on Hitachi drives. No additional information is available for this attribute.
213,Indilinx Internal,0,Unspecified internal Indilinx attribute.
214,Ground Load Errors Count,0,Found on Hitachi drives. No additional information is available for this attribute.
215,Ground Spin-up Errors,0,Found on Hitachi drives. No additional information is available for this attribute.
216,Unexpected Errors Count,0,Found on Hitachi drives. No additional information is available for this attribute.
217,Unlock/Misread Count,0,Found on Hitachi drives. No additional information is available for this attribute.
218,FlashROM ECC Corrected Count,0,Found on Hitachi drives. No additional information is available for this attribute.
220,Disk Shift,-1,Distance the disk has shifted relative to the theoretical spindle axis due to mechanical damage or overheating.
221,G-Sense Error Rate,-1,"Count of errors resulting from externally induced shock & vibration. Typically, this attribute is used in laptop hard drives. In desktop hard drives, sometimes the attribute is listed but never changes, because apparently the vibration detection circuitry is not available."
222,Loaded Hours,0,"Time a disk head spent in the data zone, rather than in the parking area or on a head ramp. The raw value indicates the actual time spent in hours."
223,Load/Unload Retry Count,0,Number of retries due to failures when moving a head from the data area to the parking area and vice versa.
224,Load Friction,-1,"Rate of friction associated with moving a head between the data area and the parking area, especially for the disks with dedicated unload ramp."
225,Load Cycle Count,-1,Number of head movement cycles between the data zone and the head parking area or a dedicated unload ramp. The raw value represents the actual number of cycles.
225,Host Writes,0,"Number of sectors written by the host system. The raw value represents the number of sectors in 65,536 sector increments."
226,Load-in Time,0,"Time a disk head spent in the data zone, rather than in the parking area or on a head ramp. The raw value indicates the actual time spent in hours."
226,Timed Workload Media Wear Indicator,-1,"The drive wear seen by the device during the last wear timer loop, as a percentage of the maximum rated cycles. The raw value tracks the percentage up to 3 decimal points. This value should be divided by 1024 to get the percentage. The raw value is held at 65,535 until the wear timer (attribute E4h) reaches 60 (minutes). The normalized value is always set to 100 and should be ignored."
227,Torque Amplification Count,-1,Count of attempts to use high current to spin a hard disk up or to maintain rotational speed.
227,Timed Workload Host Reads Percentage,0,"Percentage of I/O operations that are read operations during the last workload timer loop. The raw value tracks this percentage and is held at 65,535 until the workload timer (attribute 0xE4) reaches 60 (minutes). The normalized value is always set to 100 and should be ignored."
228,Power-off Retract Count,-1,"Number of times the head was retracted due to power loss. On an HDD, unexpected power outages decreases the lifetime of the drive. On an SSD, there is a risk of losing the internal state table when an unexpected shutdown occurs. "
228,Workload Timer,0,"Measurea the time elapsed during the current workload. The attribute is reset when a ""SMART execute offline immediate"" subcommand is issued to the drive. The raw value tracks the time in minutes and has a maximum value of 232 = 4,294,967,296 minutes (8,171 years). The normalized value is always set to 100 and should be ignored."
229,"Halt System, Flash ID",0,Halt System ID and Flash ID
230,GMR Head Amplitude,0,"Amplitude of disk head thrashing, which is the repetitive forward/reverse head motion"
230,Drive Life Protection Status,1,"Current state of drive operation based upon the drive's Life Curve. If the Program/Erase Cycle usage trajectory threatens to violate the Life Curve usage schedule for the block that has the minimum PE cycles left unused, protection activates to forbid such violation and this value reads 90."
230,Life Curve Status,1,A life curve used to help predict life in terms of the endurance based on the number of writes to flash
231,Temperature,-1,Current internal temperature of the drive. Raw value typicaly holds the actual temperature in degrees Celsiius in its least signifant byte
231,SSD Life Left,1,"Indicates the approximate SSD life left, in terms of program/erase cycles or Flash blocks currently available for use. This attribute is based on actual usage. Typically, Program/Erase cycles will dominate this attribute until the end of life when the defects start to play a larger role. "
232,Endurance Remaining,1,"Number of physical erase cycles completed on the drive as a percentage of the maximum physical erase cycles the drive is designed to support. Because the maximum physical erase cycles is a theoretical number (100,000), a low value in this attribute does not necessarily mean the drive will fail. In other words, the drive may exceed the maximum number of erase cycles without impacting drive performance."
232,Available Reserved Space,1,"Indicates the remaining amount of reserve Flash memory space in service. Intel SSD reports the number of available reserved space as a percentage of reserved space in a brand new SSD. Kingson drives report a count of GB equal to the number
of Flash Blocks in service over and above the minimum block count required. This Attribute is Attribute 0xAA presented in units of GB. "
232,Lifetime Writes from Host,0,Total amount of data written from hosts since the drive was deployed
232,Firmware Version Information,0,"Firmware version information of the drive. On Transcend drives, the firmware year (byte 0-1), month (byte 2-3) and day (byte 4-5) are encoded."
233,Power-On Hours,0,Number of hours elapsed in the power-on state.
233,Media Wearout Indicator,1,Indicates the remaining flash memory life on an SSD. SSD flash memory is rated to function up to a predetermined number of erase cycles. Intel SSD reports a normalized value of 100 (when the SSD is new) and declines to a minimum value of 1.
233,Lifetime Remaining,1,"Indicates a percentage of life remaining. This selects the minimum value between the life remaining based on erase count, and life remaining based on bad block count. "
233,Sandforce Internal,0,Unspecified internal Sandforce attribute
233,ECC Fail Record,0,"Details of the last ECC failure. On Transcend drives, the fail number (byte 0), row address (byte 1-3), channel (byte 4) and bank (byte 5) are encoded."
234,"Average Erase Count, Max Erase Count",0,Average and maximum number of erase count of all the disk blocks. The raw value can be decoded as: Bytes 0-2 = average erase count; Bytes 3-5 = max erase count
234,Sandforce Internal,0,Unspecified internal Sandforce attribute
235,"Good Block Count, System Block Count",0,Number of good blocks and system blocks. The raw value can be decoded as: Bytes 0-2 = good block count; Bytes 3-4 = system (free) block count.
235,Power Fail Backup Health,0,Estimation of capacitive hold-up capability based on a timed discharge test. A discharge past a certain voltage faster than a predefined time threshold indicates a capacitor bank whose capacitance value is degraded past the point of reliability to protect SSD data.
235,Power Recovery Count,-1,"Count of the number of sudden power off cases. If there is a sudden power off, the firmware must recover all of the mapping and user data during the next power on."
240,Head Flying Hours,0,"Time a disk head spent in the data zone, rather than in the parking area or on a head ramp. The raw value indicates the actual time spent in hours."
240,Transfer Error Rate,-1,Count of times the link is reset during a data transfer. This attribute is used by Fujitsu drives.
240,Write Head,0,No additional details available for this Hitachi drive attribute
241,Total LBAs Written,0,Total count of LBAs or logical block addresses written. Each LBA corresponds to a disk sector which is typically 512 bytes.
241,Host Writes (GB),0,Total count of LBAs or logical block addresses written. Each LBA corresponds to a disk sector which is typically 512 bytes.
241,Lifetime Writes from Host,0,"Total amount of data written from hosts since the drive was deployed. The raw value represents the number of bytes written by the host to the drive, in 64GB increments."
242,Total LBAs Read,0,Total count of LBAs or logical block addresses read. Each LBA corresponds to a disk sector which is typically 512 bytes.
242,Host reads (GB),0,Total count of LBAs or logical block addresses read. Each LBA corresponds to a disk sector which is typically 512 bytes.
242,Lifetime Reads From Host,0,"Total amount of data read from hosts since the drive was deployed. The raw value represents the number of bytes read by the host to the drive, in 64GB increments."
246,Total Host Sector Writes,0,Total count of LBAs or logical block addresses written. Each LBA corresponds to a disk sector which is typically 512 bytes.
247,Host Program Page Count,0,Total number of NAND page program operations initiated by the host computer.
248,Background Program Page Count,0,Number of NAND page program operations initiated by the SSD's Flash Translation Layer (FTL) that are in addition to the operations programmed by the host.
249,Total NAND Writes (GB),0,Total count of NAND flash memory writes. Raw value reports the number of writes to NAND in 1 GB increments.
249,Total NAND programming count (GB),0,Total count of NAND flash memory writes. Raw value reports the number of writes to NAND in 1 GB increments.
250,Read Error Retry Rate,-1,Number of errors found during reading a sector from disk surface.
254,Free Fall Protection,-1,Number of free fall events detected by the accelerometer sensor.
